{
  "thresholds": {
    "p95": 0.12349314242601395,
    "p99": 0.24852024018764496,
    "p99_5": 0.3389166593551636
  },
  "default": "p99",
  "train_error_mean": 0.04050195589661598,
  "train_error_std": 0.07274949550628662,
  "best_val_loss": 0.04127089351415634,
  "bottleneck": 4,
  "n_features": 8
}