{
  "train_loss": [
    0.687486,
    0.415558,
    0.305137,
    0.272683,
    0.259142,
    0.242396,
    0.228136,
    0.225633,
    0.207864,
    0.199446,
    0.190354,
    0.187402,
    0.180255,
    0.175659,
    0.169187,
    0.170352,
    0.168378,
    0.158477,
    0.157238,
    0.15789,
    0.155148,
    0.15517,
    0.148249,
    0.145314,
    0.145322,
    0.143951,
    0.144176,
    0.141903,
    0.141358,
    0.140271,
    0.140465,
    0.138336,
    0.142706,
    0.135916,
    0.136048,
    0.133075,
    0.134368,
    0.133773,
    0.130272,
    0.129895,
    0.133746,
    0.128707,
    0.136471,
    0.129959,
    0.12935,
    0.127423,
    0.132049,
    0.128757,
    0.125065,
    0.125355,
    0.122761,
    0.124096,
    0.12252,
    0.121988,
    0.13085,
    0.124967,
    0.124336,
    0.121839,
    0.119118,
    0.121701,
    0.127571,
    0.118319,
    0.119443,
    0.120577,
    0.118206,
    0.115617,
    0.119864,
    0.119654,
    0.115543,
    0.11396,
    0.113915,
    0.122489,
    0.116256,
    0.110269,
    0.099863,
    0.095453,
    0.09387,
    0.097876,
    0.0894,
    0.085408,
    0.082564,
    0.079924,
    0.080036,
    0.081927,
    0.081442,
    0.078486,
    0.078265,
    0.076385,
    0.075692,
    0.075327,
    0.073675,
    0.076031,
    0.07821,
    0.075166,
    0.074658,
    0.076126,
    0.07767,
    0.078433,
    0.072062,
    0.073088,
    0.072397,
    0.074201,
    0.075738,
    0.071031,
    0.071296,
    0.073409,
    0.073104,
    0.071163,
    0.070365,
    0.074794,
    0.070049,
    0.071475,
    0.070425,
    0.07085,
    0.071072,
    0.069336,
    0.072281,
    0.070464,
    0.068676,
    0.069931,
    0.073393,
    0.069325,
    0.067533,
    0.068068,
    0.06898,
    0.074649,
    0.072832,
    0.066798,
    0.069118,
    0.073571,
    0.067766,
    0.069894,
    0.066369,
    0.07259,
    0.066423,
    0.069636,
    0.068367,
    0.069562,
    0.066389,
    0.065711,
    0.067796,
    0.066295,
    0.067982,
    0.066584,
    0.067273,
    0.067615,
    0.065441,
    0.067088,
    0.073316,
    0.065227
  ],
  "val_loss": [
    0.431146,
    0.330104,
    0.260262,
    0.248193,
    0.233314,
    0.216701,
    0.202354,
    0.190927,
    0.183759,
    0.172322,
    0.164142,
    0.160466,
    0.152466,
    0.147814,
    0.143295,
    0.141846,
    0.144863,
    0.136444,
    0.132069,
    0.134669,
    0.126774,
    0.142566,
    0.126352,
    0.120971,
    0.122402,
    0.118885,
    0.118254,
    0.119954,
    0.118378,
    0.116467,
    0.115614,
    0.11846,
    0.113972,
    0.110532,
    0.111175,
    0.111127,
    0.111761,
    0.108468,
    0.109603,
    0.106684,
    0.107086,
    0.106365,
    0.115185,
    0.107991,
    0.104057,
    0.103294,
    0.10354,
    0.106964,
    0.103264,
    0.101496,
    0.100154,
    0.099832,
    0.100342,
    0.101834,
    0.103445,
    0.100812,
    0.097859,
    0.098179,
    0.100026,
    0.097168,
    0.102329,
    0.097104,
    0.097748,
    0.099099,
    0.093892,
    0.093652,
    0.092419,
    0.094889,
    0.09371,
    0.094054,
    0.093398,
    0.099935,
    0.089126,
    0.078371,
    0.082115,
    0.072571,
    0.069944,
    0.067738,
    0.061346,
    0.060452,
    0.060973,
    0.05713,
    0.075041,
    0.05648,
    0.051499,
    0.053001,
    0.05098,
    0.050713,
    0.051069,
    0.05034,
    0.052638,
    0.048857,
    0.053373,
    0.048027,
    0.055394,
    0.048798,
    0.05413,
    0.048068,
    0.048884,
    0.054216,
    0.048375,
    0.047706,
    0.048814,
    0.047771,
    0.054211,
    0.049901,
    0.04722,
    0.047054,
    0.050547,
    0.055521,
    0.045791,
    0.047954,
    0.045841,
    0.047053,
    0.046623,
    0.049068,
    0.044862,
    0.04532,
    0.046082,
    0.044305,
    0.04452,
    0.045836,
    0.04509,
    0.048983,
    0.044999,
    0.04531,
    0.044282,
    0.045337,
    0.044664,
    0.046192,
    0.043392,
    0.045043,
    0.044844,
    0.047049,
    0.044804,
    0.046919,
    0.04275,
    0.04406,
    0.043483,
    0.043928,
    0.042773,
    0.043287,
    0.044945,
    0.042996,
    0.041857,
    0.043641,
    0.04199,
    0.057417,
    0.041271,
    0.041877
  ]
}