detector_id,clean_mean,contaminated_mean,delta_keV,delta_pct
1,32.63306189710611,38.958194008097166,6.325132110991056,19.38258852612285
2,31.544094795836667,42.18415916398714,10.640064368150473,33.7307646233513
3,33.411309485530545,34.48288486574451,1.0715753802139645,3.2072235321337295
4,32.67018834405145,33.781182510121454,1.1109941660700073,3.40063593870372
5,33.439010555121186,43.78927409733124,10.350263542210051,30.95266089033519
6,34.04705274365274,43.84551723000824,9.798464486355499,28.779185558674204
7,31.624656372165756,40.809376661392406,9.18472028922665,29.04290937153241
8,33.18927137096774,39.48642814029364,6.297156769325902,18.973470971810276
99,,33.339381249999995,,
