{
  "1_0": {
    "gain": 1.082186814566789,
    "noise_floor": 2.62041780633531
  },
  "1_1": {
    "gain": 0.9816635319256156,
    "noise_floor": 5.5258674330662725
  },
  "1_2": {
    "gain": 1.1075793759734147,
    "noise_floor": 3.0235578112213166
  },
  "1_3": {
    "gain": 1.0592104087178091,
    "noise_floor": 7.550720710260784
  },
  "1_4": {
    "gain": 0.8782532043662948,
    "noise_floor": 5.48636683820237
  },
  "1_5": {
    "gain": 1.1426867054910268,
    "noise_floor": 4.081218827209023
  },
  "1_6": {
    "gain": 1.0783419105971057,
    "noise_floor": 5.5454929488885005
  },
  "1_7": {
    "gain": 1.085819291583086,
    "noise_floor": 2.136823226178185
  },
  "1_8": {
    "gain": 0.8884340898026637,
    "noise_floor": 7.751355279448672
  },
  "1_9": {
    "gain": 0.9851157813686701,
    "noise_floor": 4.893820621657401
  },
  "1_10": {
    "gain": 0.9612394072697743,
    "noise_floor": 6.696411363501717
  },
  "1_11": {
    "gain": 1.1280294966545805,
    "noise_floor": 2.496379999534631
  },
  "1_12": {
    "gain": 1.0431595360241992,
    "noise_floor": 4.919949985028962
  },
  "1_13": {
    "gain": 1.096828483981249,
    "noise_floor": 4.944241966127126
  },
  "1_14": {
    "gain": 0.9830242596481993,
    "noise_floor": 7.626958729849897
  },
  "1_15": {
    "gain": 0.918171616535433,
    "noise_floor": 5.4303683142564525
  },
  "2_0": {
    "gain": 1.0163754361047503,
    "noise_floor": 4.840936406341723
  },
  "2_1": {
    "gain": 0.8691451768312526,
    "noise_floor": 3.6018539785513615
  },
  "2_2": {
    "gain": 1.0982893515977745,
    "noise_floor": 3.989413984055313
  },
  "2_3": {
    "gain": 1.0394993197366194,
    "noise_floor": 5.124034414829227
  },
  "2_4": {
    "gain": 1.0774263220256122,
    "noise_floor": 4.63346876183028
  },
  "2_5": {
    "gain": 0.9563577904389604,
    "noise_floor": 2.1296724792819823
  },
  "2_6": {
    "gain": 1.1412094073184709,
    "noise_floor": 6.957751545166147
  },
  "2_7": {
    "gain": 1.1179363363966592,
    "noise_floor": 7.3769646310386
  },
  "2_8": {
    "gain": 1.0835150491221286,
    "noise_floor": 2.8414945339916646
  },
  "2_9": {
    "gain": 0.9083916123555902,
    "noise_floor": 5.324216861234296
  },
  "2_10": {
    "gain": 0.9900163011181102,
    "noise_floor": 2.6514544468126613
  },
  "2_11": {
    "gain": 0.8631411297361686,
    "noise_floor": 6.03344055823887
  },
  "2_12": {
    "gain": 0.8962868476202643,
    "noise_floor": 3.68740270303405
  },
  "2_13": {
    "gain": 1.0549146859727363,
    "noise_floor": 5.95653580815141
  },
  "2_14": {
    "gain": 1.073428646772345,
    "noise_floor": 6.361967685721296
  },
  "2_15": {
    "gain": 1.1402529197302629,
    "noise_floor": 6.611884951505942
  },
  "3_0": {
    "gain": 0.9477476074414456,
    "noise_floor": 2.6464456757353796
  },
  "3_1": {
    "gain": 0.9611379118104606,
    "noise_floor": 7.496071070825647
  },
  "3_2": {
    "gain": 0.9908667433827423,
    "noise_floor": 3.381283945369285
  },
  "3_3": {
    "gain": 0.9068414077252857,
    "noise_floor": 2.2244753370570787
  },
  "3_4": {
    "gain": 0.8889764516006414,
    "noise_floor": 5.3291148163489
  },
  "3_5": {
    "gain": 0.99271147786778,
    "noise_floor": 4.225533703174633
  },
  "3_6": {
    "gain": 0.9180728047152652,
    "noise_floor": 6.978738458794479
  },
  "3_7": {
    "gain": 1.050944198404753,
    "noise_floor": 6.849508832385811
  },
  "3_8": {
    "gain": 0.9811455756616991,
    "noise_floor": 3.9028333569362923
  },
  "3_9": {
    "gain": 1.099803458817351,
    "noise_floor": 7.71739637041847
  },
  "3_10": {
    "gain": 1.0600795306006747,
    "noise_floor": 3.745507028840712
  },
  "3_11": {
    "gain": 0.9437099924146123,
    "noise_floor": 5.090342775390287
  },
  "3_12": {
    "gain": 1.0996779404185602,
    "noise_floor": 3.5357905434056165
  },
  "3_13": {
    "gain": 1.0914293072490404,
    "noise_floor": 7.61626142029378
  },
  "3_14": {
    "gain": 0.9662435137090523,
    "noise_floor": 2.9876469054921087
  },
  "3_15": {
    "gain": 0.9364984311790732,
    "noise_floor": 2.269463716353974
  },
  "4_0": {
    "gain": 1.0547486511924926,
    "noise_floor": 4.610582360018228
  },
  "4_1": {
    "gain": 0.8919257450827929,
    "noise_floor": 7.954253384335022
  },
  "4_2": {
    "gain": 0.9099724607425325,
    "noise_floor": 7.350063597529484
  },
  "4_3": {
    "gain": 0.8522086809253017,
    "noise_floor": 6.491648116741695
  },
  "4_4": {
    "gain": 1.0860773132506414,
    "noise_floor": 7.344754945271149
  },
  "4_5": {
    "gain": 1.0494552569776097,
    "noise_floor": 7.360679838187179
  },
  "4_6": {
    "gain": 1.0615496135879006,
    "noise_floor": 5.113150162318695
  },
  "4_7": {
    "gain": 1.0842187093065903,
    "noise_floor": 3.895574310984758
  },
  "4_8": {
    "gain": 0.987674732661502,
    "noise_floor": 6.632074592665928
  },
  "4_9": {
    "gain": 1.020622358785868,
    "noise_floor": 5.969967579006567
  },
  "4_10": {
    "gain": 0.8919390994382972,
    "noise_floor": 4.241946373242261
  },
  "4_11": {
    "gain": 0.884359022060792,
    "noise_floor": 2.566800008369092
  },
  "4_12": {
    "gain": 1.0505208885371413,
    "noise_floor": 6.4807376680941555
  },
  "4_13": {
    "gain": 0.9913288618429397,
    "noise_floor": 3.574763095537188
  },
  "4_14": {
    "gain": 1.0195708319443566,
    "noise_floor": 7.620878903202676
  },
  "4_15": {
    "gain": 1.0794996572248077,
    "noise_floor": 3.4458234500341085
  },
  "5_0": {
    "gain": 1.0404154960001772,
    "noise_floor": 2.736547594468916
  },
  "5_1": {
    "gain": 1.0160738201973987,
    "noise_floor": 6.986676032749437
  },
  "5_2": {
    "gain": 1.017762148223624,
    "noise_floor": 2.9197058997469645
  },
  "5_3": {
    "gain": 0.9411850294187836,
    "noise_floor": 3.0756098489464345
  },
  "5_4": {
    "gain": 0.8592453503703817,
    "noise_floor": 5.596296749125061
  },
  "5_5": {
    "gain": 0.9810152167697087,
    "noise_floor": 7.247372245024787
  },
  "5_6": {
    "gain": 0.9143754018458587,
    "noise_floor": 3.1786079942874395
  },
  "5_7": {
    "gain": 0.9725585931173908,
    "noise_floor": 3.861942037400569
  },
  "5_8": {
    "gain": 1.1060209219804498,
    "noise_floor": 6.664429029447065
  },
  "5_9": {
    "gain": 0.9201818457596022,
    "noise_floor": 7.830958556365804
  },
  "5_10": {
    "gain": 0.8674908225067198,
    "noise_floor": 5.004447117214054
  },
  "5_11": {
    "gain": 0.9344151676065989,
    "noise_floor": 2.8633850153075047
  },
  "5_12": {
    "gain": 0.9380781273300051,
    "noise_floor": 2.0836177262492095
  },
  "5_13": {
    "gain": 1.0485749544180685,
    "noise_floor": 3.3779361799931316
  },
  "5_14": {
    "gain": 1.0171096457023834,
    "noise_floor": 2.7909333067191264
  },
  "5_15": {
    "gain": 1.085169462731924,
    "noise_floor": 6.065952041677145
  },
  "6_0": {
    "gain": 1.0492940620982163,
    "noise_floor": 2.7309950277711867
  },
  "6_1": {
    "gain": 0.9719160584320211,
    "noise_floor": 5.037979589723798
  },
  "6_2": {
    "gain": 1.0942061153998104,
    "noise_floor": 6.165574613857319
  },
  "6_3": {
    "gain": 0.9000918759723111,
    "noise_floor": 5.486699655325414
  },
  "6_4": {
    "gain": 0.8568136219401581,
    "noise_floor": 3.1986539099603455
  },
  "6_5": {
    "gain": 0.8770143582326925,
    "noise_floor": 6.824747157093576
  },
  "6_6": {
    "gain": 1.066707805178935,
    "noise_floor": 6.29244277769481
  },
  "6_7": {
    "gain": 0.9885631690754162,
    "noise_floor": 6.43390402349325
  },
  "6_8": {
    "gain": 0.8983815337100806,
    "noise_floor": 2.7863465093438795
  },
  "6_9": {
    "gain": 1.000313432531009,
    "noise_floor": 2.7425228219020674
  },
  "6_10": {
    "gain": 0.8956936308139505,
    "noise_floor": 7.565375306039046
  },
  "6_11": {
    "gain": 1.0588961125233207,
    "noise_floor": 4.385469162949644
  },
  "6_12": {
    "gain": 0.9838468826722092,
    "noise_floor": 3.8056921506856387
  },
  "6_13": {
    "gain": 0.9643063678289447,